{"cameraMode":{"drawMode":0,"name":"Shaded","section":"Shading Mode"},"sceneLighting":true,"audioPlay":false,"sceneViewState":{"showFog":true,"showMaterialUpdate":false,"showSkybox":true,"showFlares":true,"showImageEffects":true,"showParticleSystems":true},"in2DMode":false,"pivot":{"x":112.90624237060547,"y":7.750439167022705,"z":273.8023376464844},"rotation":{"x":-0.48945754766464236,"y":0.12961247563362122,"z":-0.07384481281042099,"w":-0.8592153191566467},"size":8.503706932067871,"orthographic":false}