{"cameraMode":{"drawMode":0,"name":"Shaded","section":"Shading Mode"},"sceneLighting":false,"audioPlay":false,"sceneViewState":{"showFog":true,"showMaterialUpdate":false,"showSkybox":false,"showFlares":true,"showImageEffects":true,"showParticleSystems":true},"in2DMode":false,"pivot":{"x":111.822998046875,"y":9.999430656433106,"z":272.3320007324219},"rotation":{"x":-0.3405483067035675,"y":0.08249735087156296,"z":-0.030039697885513307,"w":-0.9361457824707031},"size":0.8573557734489441,"orthographic":false}