{"cameraMode":{"drawMode":0,"name":"Shaded","section":"Shading Mode"},"sceneLighting":true,"audioPlay":false,"sceneViewState":{"showFog":true,"showMaterialUpdate":false,"showSkybox":true,"showFlares":true,"showImageEffects":true,"showParticleSystems":true},"in2DMode":false,"pivot":{"x":127.6491470336914,"y":24.102127075195314,"z":251.21287536621095},"rotation":{"x":0.09428252279758454,"y":0.7416110634803772,"z":-0.106625035405159,"w":0.6556141972541809},"size":26.20581817626953,"orthographic":false}